player_id,year,ite_t0,ite_t1
200709,2008.0,0.16855552188064363,0.04339980241741581
200748,2017.0,0.031556031334704956,0.05997523973557738
200748,2018.0,-0.0013907358392487752,0.14473277764133136
200748,2003.0,-0.12241037524418413,0.8469370708814441
200748,2004.0,-0.20155939986167118,0.2817469563645385
200748,2006.0,-0.0906754946758325,0.14801791792186317
200748,2008.0,-0.11776076111936754,0.3362769247964614
200748,2010.0,-0.13435820633118054,0.32305319847702074
200748,2012.0,-0.13936786568197918,-0.10551258485278464
200748,2014.0,-0.1506284743565725,0.02202952185073003
200754,2006.0,-0.024726516399218267,-0.019314859157304916
200754,2008.0,-0.00020395981350382342,0.06316193649405479
200770,2003.0,-0.08868200570380691,-0.0824634226958208
200777,2004.0,0.03926180525650243,-0.015663109980363077
201086,2011.0,0.047559768075361046,0.08580518785528068
201212,2016.0,-0.015198029188969862,0.18412741832159793
201212,2005.0,-0.01713095032408088,0.4974776515187006
201212,2007.0,-0.018110941908797952,-0.059248600542176476
201212,2008.0,0.031479828678320276,0.22111864791088592
201212,2009.0,-0.03712241476269574,0.25301996304410457
201212,2010.0,-0.08152087866996832,-0.012191827466588425
201212,2012.0,0.009117683138542552,-0.07525343102482374
213530,2019.0,0.03083829774052506,-0.11360303141205369
213544,2019.0,0.02748653582854725,0.05770726752969012
213550,2018.0,0.05296580390122473,-0.10252297211401776
201281,2003.0,0.006322479425238455,0.33318170484274434
201286,2007.0,-0.00313012169328291,0.013613378557889164
201286,2008.0,-0.041661579029517296,0.03300278518887342
201286,2009.0,-0.0436591863069007,0.25439131608537124
201286,2010.0,-0.10553584057115185,0.17925993118150513
201286,2011.0,-0.059952177094617885,0.18121111938202866
201287,2010.0,-0.026705218442492233,0.07187290009457681
201290,2004.0,0.046428349200811,0.10396562893355886
201290,2005.0,-0.11899525265434091,0.375423476135444
201290,2006.0,-0.010989446510924502,0.06755972398723313
201290,2007.0,-0.09306755577333087,0.16555450474368477
201290,2009.0,-0.004729435391764,0.07502327751228602
201290,2010.0,-0.03132357524984235,0.04515031613320812
201290,2011.0,-0.09629875323986599,-0.10130482986767936
201290,2012.0,-0.0030995256092244683,-0.10827550225715181
201290,2013.0,0.04558474015854518,0.08247080986143869
201290,2014.0,0.06173629597867554,-0.04253167011348676
201292,2005.0,0.1920434162556999,0.018846151619721394
201293,2007.0,0.07045240248868276,0.09413373860667622
201294,2006.0,0.01505956758010155,0.40703030431504916
201294,2007.0,-0.06676342365245169,0.3311862510239326
201294,2008.0,0.005711533511648842,0.07643424023993267
201294,2009.0,-0.07786382466904403,0.261586279506996
201294,2010.0,-0.09814886800536399,0.12880991797131763
201294,2011.0,-0.1199374896495759,0.24483191445481892
201294,2012.0,-0.06524920053679953,0.056007517011601365
213583,2018.0,-0.00480296910915131,0.16739422544744464
213583,2019.0,0.00042761727760399874,0.23731868178020654
201297,2003.0,-0.19388268012973375,-0.196522941538617
201302,2003.0,-0.04592050151563612,-0.19648092499892658
201303,2012.0,0.11998874095048952,-0.045987567026186824
201305,2007.0,0.057098091945446496,0.07818051713656804
201308,2006.0,0.03757618647843311,0.21387440488929538
201311,2017.0,0.01893489529151697,-0.13406261805213185
201311,2007.0,-0.019247593493945205,-0.17502629242189902
201311,2009.0,-0.028696801629740115,-0.0334382927299304
201311,2011.0,-0.03256088298593317,0.137847285622421
201311,2012.0,-0.08178166778332618,0.021376524389840387
201311,2013.0,-0.05954104410375613,0.09289580856628611
201311,2014.0,-0.0664828136353898,-0.06648458710147649
201313,2003.0,0.030889495613526052,-0.11642700470379322
201315,2003.0,0.053049842064281955,0.029782327940127702
201315,2006.0,0.15366800589354054,0.21185131880788333
201318,2009.0,0.08594485927477526,-0.10657951886423706
201318,2011.0,-0.08112799515217256,-0.04023441664973822
201320,2018.0,-0.018928295298168543,-0.027909684150639907
201320,2019.0,-0.011716538649349448,-0.007781865997336806
201320,2003.0,-0.013896994243972588,0.4276442470265889
201320,2006.0,-0.10882084197261002,0.439732978793244
201320,2007.0,-0.08489719529830365,0.10786101346451521
201320,2008.0,-0.09558710849694424,0.1069518299894155
201320,2011.0,-0.04978635981420498,0.1782340236600121
201320,2012.0,-0.080995797393619,0.1358238966334703
201320,2013.0,-0.028937596557028437,-0.001085284253145788
201320,2014.0,-0.09884905648930624,-0.0634710828596725
201321,2005.0,0.16860953403589699,0.13992208474537446
201325,2016.0,0.2188981148321245,-0.6148985236675509
201325,2017.0,-0.10161497079190442,0.06034338986194883
201325,2018.0,-0.02790085145218667,-0.022579064993477692
201325,2006.0,0.0028649488694651934,0.14673406142128784
201325,2007.0,0.013682747064281537,0.1297159324242968
201325,2010.0,-0.10282020335254721,0.0968157021591571
201325,2011.0,-0.08226537790977348,0.10159323399808003
201325,2012.0,-0.04633360832888723,0.13736616832797266
201325,2013.0,-0.0708460717243217,0.06947569547264149
201325,2014.0,-0.12558633870926403,-0.07224780495612448
201327,2003.0,0.151161314256859,0.2434151345403952
201329,2018.0,0.04221484248549226,-0.024298989056765963
201329,2004.0,-0.16173483284009377,0.13182296272638264
201329,2008.0,-0.14321699733809373,0.23096017910328656
201329,2010.0,-0.09356702852328112,0.06581358154035202
201329,2011.0,-0.08078122604417479,0.1996971595834556
201336,2006.0,-0.07171800154236042,0.33656222981148154
201336,2007.0,-0.053526869921479946,0.16153335333936364
201336,2008.0,-0.10695396997769577,0.4007152470395211
201336,2009.0,-0.11154491563625238,0.12855312475923927
201344,2014.0,0.08646256403984576,0.035463050297232915
201345,2017.0,0.4446543867771916,0.09591223305647574
201345,2018.0,-0.08122177145901079,0.20947505547730655
201345,2003.0,-0.15355228743357774,-0.049542943778211196
201345,2006.0,-0.18069633568357452,0.2698646432639371
201345,2007.0,-0.10001416839815086,0.21147592992241146
201345,2010.0,-0.16604358667398467,0.28871994127673595
201345,2011.0,-0.09286311937909779,0.13907731157751
201345,2012.0,-0.13214508165905342,0.12286232650075904
201345,2013.0,-0.1427439978380035,0.41290421340862693
201345,2014.0,-0.11074296305958105,0.13233055642124988
213631,2019.0,0.0033896962387592842,0.3231817738087307
201347,2006.0,-0.03086022785358883,0.12663372756904212
201347,2007.0,-0.10113592631162925,0.2687283092065891
201347,2008.0,-0.10725205958005307,0.23908006653469743
201347,2009.0,-0.04194483708394979,0.14223337068380398
201347,2011.0,-0.1135536649136358,0.2149604009856896
201347,2012.0,-0.020119452894388986,0.01932058812338012
201347,2013.0,-0.08143263789899709,0.13007207631343337
201347,2014.0,-0.08121203866903573,0.04615012153672219
201348,2014.0,0.06002400065540587,-0.0015995311891772012
201352,2005.0,0.004794065217444465,0.18000787574948712
201352,2006.0,0.06749307916893504,-0.17787574525648145
201352,2007.0,0.038167250962359185,0.17086051214524425
201355,2003.0,0.03677395602231206,0.24196497689827223
201355,2005.0,-0.0671944228181213,-0.2134010570172589
201355,2006.0,-0.1256867057599879,-0.6368935327181895
201355,2007.0,-0.07005195816777851,0.012239656239404283
201355,2009.0,-0.10364134433438993,0.2717096781405269
201355,2010.0,-0.16233617510921255,0.10292017762294481
201355,2011.0,-0.07725658443498669,-0.04176992693396708
201355,2013.0,0.015302721344129668,0.16731603826825114
201355,2014.0,-0.04967115400541121,0.11269624428678518
201356,2012.0,0.0002439979051081162,-0.11302044137780286
213646,2019.0,-0.34751909468389164,0.026774186120967935
201363,2006.0,0.00022335663905483777,0.009007774395685855
201363,2007.0,0.004416276029866217,0.07174408182996692
201363,2009.0,-0.06825899561403242,-0.14253427485968911
201363,2010.0,-0.04133877082807243,0.09284259917894516
201363,2011.0,0.008796440220037532,0.291268126839585
201364,2005.0,-0.12425545078461052,0.04216788223772472
201364,2006.0,-0.04288399715774688,-0.005787111013395227
201366,2016.0,-0.11168387387134075,-0.09331306242504431
201366,2017.0,-0.07004077124641706,-0.005786998227133945
201366,2018.0,-0.033408400392502535,0.18530858144282775
201366,2019.0,-0.010292941144047208,-0.0326013840515562
201366,2009.0,0.016651922611165236,0.009571614544361909
201366,2010.0,-0.007198525709165921,0.09787612549717445
201366,2011.0,0.04007589361746345,0.17379169895888932
201366,2014.0,0.03439856143656775,-0.08431731602213237
201370,2006.0,0.33507334129961114,-0.06882818030349788
201370,2007.0,0.23699290064984674,0.09930540669526745
201370,2008.0,0.08781745200393824,-0.011033470203539092
201371,2007.0,0.024672657691760816,0.09785202141090617
201371,2009.0,-0.011160825410106018,-0.04058627697920166
201371,2010.0,0.018284292577819175,0.16747048522360375
201373,2007.0,-0.07734118190713207,0.1882210889447874
201373,2009.0,-0.015856265855495245,0.007642514376022416
201373,2011.0,-0.031154751710264727,0.2494493483946873
201373,2012.0,-0.06465658780315167,0.023145864531528657
201373,2013.0,-0.08705410955621823,-0.16832463141388276
201379,2006.0,0.10014607135036022,0.16380139728238113
201380,2005.0,0.2833401991998407,-0.28965218430258327
213672,2019.0,-0.17003586903232354,0.7578525861945735
201386,2006.0,0.0032720240338671297,0.12250003596756016
201386,2009.0,0.007510026372257861,0.056978361709493996
201386,2012.0,0.026940383336655764,-0.01568558951319071
201387,2007.0,0.1723377366730945,0.3810252784652291
201387,2008.0,-0.005380314141799514,-0.20973735420526007
201387,2012.0,0.0032836153564338826,0.17806431374565268
201392,2007.0,0.010534128754987791,-0.063202825465866
201394,2007.0,0.03219195831737864,0.16879269789309298
201397,2017.0,-0.09379509800964606,0.054641317373977843
201397,2018.0,-0.035378976997188234,0.18303218586096964
201397,2019.0,0.02180435109160242,0.1325839854047251
201397,2007.0,-0.11003351042782089,0.08179354089730041
201397,2008.0,-0.07162447320462853,0.2520421046025485
201397,2009.0,0.020266008446018956,0.07974101612647208
201397,2012.0,-0.051657616458441705,0.016342732846423545
201397,2014.0,-0.019533832838527748,-0.07024087106675878
201400,2005.0,-0.11932109429149758,0.34889140408181396
201400,2006.0,-0.12695717480087376,0.13558182466660695
201400,2008.0,-0.07539876158751341,0.09023132006019326
201403,2007.0,-0.12174661884342271,0.07852910635277101
201403,2008.0,-0.05852852683656323,0.07904253675072928
201403,2010.0,-0.02761919725485487,0.013184307849747268
201411,2008.0,0.1661465675516831,-0.23883053066902563
201411,2005.0,0.21779268466634408,0.08388097030781679
201411,2006.0,0.030425444145745488,-0.22023411099873302
201412,2007.0,0.04617103926919172,-0.06293351789360117
201414,2005.0,-0.08162894224827746,-0.11170243768805091
201414,2006.0,0.06450731383417553,-0.10598139667963272
201416,2006.0,0.003149002922282651,0.2178202784298775
201416,2007.0,0.009292666505029024,-0.04045163404356228
201416,2009.0,-0.04076821558530502,-0.148368119924742
201416,2010.0,-0.002103628921655897,0.10655024180227145
201419,2006.0,-0.04162993238502129,0.17455027090388403
201419,2009.0,-0.05232792323392671,0.07172878976288753
201419,2010.0,-0.07339516966638068,0.23292553863594384
201419,2011.0,-0.04652675661137852,0.04864227840149442
201419,2012.0,-0.10334036700181919,0.10663307755061172
201419,2013.0,-0.12271483988055762,0.11413758753429094
201420,2005.0,0.014047300857099633,0.2726273435601955
201420,2006.0,-0.05384495782819597,0.134127225141855
201420,2007.0,-0.04330458875759738,0.09632202701555857
201420,2008.0,-0.005495058879392476,0.11816244417287877
201421,2006.0,-0.1154704908992083,0.44718365350992356
201421,2007.0,-0.13932028117415157,0.1987228057176379
201421,2008.0,-0.09576025515575388,0.2690662885274421
201421,2009.0,-0.06788655379516553,0.049513729979539935
201421,2011.0,-0.1717015975709861,0.14604784751926506
201421,2012.0,-0.07458430687507556,0.008326863784981244
201421,2013.0,-0.1564832471278019,0.11243848622291042
201421,2014.0,-0.1069683714011183,-0.017254765268021076
201423,2007.0,0.11952523657649568,-0.04579583945453404
201424,2006.0,-0.021999285446880262,0.11925688315214317
201424,2007.0,-0.06880486734454111,0.1963510986580641
201424,2008.0,-0.026668482869591382,0.3167047395605762
201424,2010.0,-0.02358440782850142,0.23177267341476016
201424,2011.0,0.04067531580747188,0.0456715775949337
201425,2017.0,0.9927419810653537,0.18126073174190988
201425,2008.0,0.2619725737400962,-0.02625994208711626
201425,2009.0,-0.01437441206398921,0.104423477248974
201425,2012.0,0.03197123554932797,-0.007685318375825853
201425,2014.0,0.01123305013739466,0.05697712262584479
201426,2017.0,-0.034522852291067746,0.13908490420628253
201426,2018.0,0.022312678051995726,0.04987839911367941
201427,2017.0,-0.011092404714505523,0.0453879844886112
201427,2018.0,-0.049977836697214596,0.04938829173314223
201427,2010.0,-0.03879899105280672,0.09599888949723313
201427,2011.0,0.05791407774810184,0.1862976763469968
201427,2013.0,-0.06375748589650951,0.28538650191866693
201427,2014.0,-0.04082619246604337,-0.017468825294449198
201431,2007.0,0.062074499380083685,-0.16902313218310094
201431,2009.0,-0.026583606845858098,0.06315562524004617
201431,2010.0,-0.058845592495184076,0.1144713609219426
201431,2011.0,0.05217589212235799,0.2331193136369562
201435,2007.0,-0.021218984039527634,-0.1299096544661123
201435,2008.0,0.048112304145608575,0.04512649596685783
201444,2016.0,-0.05926212923939589,0.0077567600358483535
201444,2017.0,0.029880510988505672,-0.0677946310410033
201444,2018.0,-0.06578207156554636,0.018940661919505403
201444,2012.0,-0.021477509207929166,0.12099735065025785
201444,2013.0,0.15819022321279397,0.1926398492244628
201446,2006.0,0.37027415256748386,-0.13382123721448297
201446,2009.0,0.13171726127150596,-0.04359505805211476
201447,2006.0,-0.03790997266810026,0.1613945900484972
201447,2009.0,0.06184711504504278,-0.16493079804797953
201448,2009.0,0.11852197728804627,-0.02998885853207815
201448,2011.0,-0.10044774949527523,-0.010460529354042725
201450,2006.0,-0.0007681103160109629,-0.017467998462084085
201450,2010.0,-0.023920748875815787,0.23418488990148073
201450,2014.0,-0.02150392791978219,-0.07625611556985441
201455,2017.0,0.005445793045756252,0.1243839283733792
201455,2018.0,-0.009017404927895168,-0.1314275828106768
201455,2006.0,0.025067594182402907,0.09356286671537092
201455,2007.0,0.03222440216429731,0.1335584645333429
201455,2008.0,0.009949498879434374,-0.018258382817102188
201455,2012.0,0.09944236451432015,0.08582442944936865
201458,2016.0,0.18881291906527087,0.27833971132806257
201458,2007.0,-0.03216002534724697,0.17727191841083711
201458,2008.0,-0.1661066932814803,0.1899609269635275
201458,2010.0,-0.08488806817783584,0.04309638843428111
201458,2011.0,-0.08678578977793049,0.06957490317396894
201458,2012.0,-0.08934762144277038,0.4445568586600525
201462,2010.0,0.06888069097520744,-0.0645918291015442
201462,2011.0,0.05930069642948034,0.12330283532670624
201462,2012.0,0.04033736430172245,-0.025983330060600524
201465,2017.0,-0.10087890449163606,0.06236796723322196
201465,2018.0,0.1374788399292846,0.13252117859899107
201465,2019.0,0.019040193265234033,0.279577852451651
201465,2014.0,0.013060369038236631,0.10142702179355706
201466,2008.0,-0.017828562742438752,0.12747073027353756
201466,2009.0,0.024642953444926285,0.08303994731394881
201466,2010.0,-0.13436396225887828,0.1054422099154484
201466,2012.0,-0.1913317425900747,0.05474295108601086
201466,2013.0,-0.10658852383622985,0.03906652990460486
201466,2014.0,0.012588301625967888,-0.020269366262258535
201468,2010.0,-0.002347103878855742,-0.011751142814012579
201473,2007.0,0.042354410384893924,-0.04023824296653987
201474,2016.0,-0.09220634831475627,0.06392407889584417
201474,2018.0,0.020672240598366483,-0.6184943752896819
201474,2008.0,-0.06265410071365893,0.25306076468008765
201474,2009.0,-0.09276093133022807,0.02471563002545348
201474,2010.0,-0.05743293562194472,0.10720584584172096
201474,2011.0,-0.09971366038623561,0.08058130023190145
201474,2012.0,-0.11126168602140589,0.14984996160993147
201474,2013.0,-0.13571750554187095,0.002091346626431024
201474,2014.0,-0.14494173785698936,-0.020313565729148005
201477,2008.0,0.046239165229139706,0.014835731085046877
201477,2012.0,0.08393595333915878,-0.09873975504729282
201478,2014.0,0.18753525668942625,0.09003675596236124
201481,2008.0,0.06804886036517169,-0.3313856721930452
201481,2012.0,0.06962749581138322,0.12166065390871567
201483,2016.0,0.020916734577651155,0.012625307221847057
201483,2017.0,0.15949112414036415,0.04633800768680081
201483,2019.0,0.06355235254104355,0.12740400651364947
201485,2008.0,-0.006558403401556379,0.09737359514146643
201485,2009.0,0.08108452223017955,-0.17898277164006418
201485,2010.0,0.03004225110920357,0.15149436658179508
201486,2009.0,-0.09299872440714238,-0.05550018974980874
201486,2010.0,0.03131439715290191,-0.07848802920257451
201489,2008.0,0.014207715594720713,0.1320126073641992
201492,2016.0,-0.01723224229415727,0.10985392489437584
201492,2017.0,0.01729058383470715,0.027701676904702818
201492,2019.0,0.047768082426454084,0.1554391350512399
201492,2009.0,-0.06973811047875489,0.09819006216881092
201492,2010.0,-0.028318673091091262,0.059626403270765536
201492,2011.0,-0.13441479406176807,0.05176799025463215
201492,2014.0,-0.01436210349483897,0.22214814706621777
201493,2016.0,0.2919540662861628,0.028759126186656832
201493,2012.0,-0.03326567055041051,0.05161942805003088
201493,2013.0,-0.0010575059480123425,0.07188584169838645
201493,2014.0,-0.1357261842604241,0.012809682166222386
201495,2016.0,0.009350123422446364,0.2987727241098752
201495,2017.0,-0.020591759352935744,-0.11530680561345272
201495,2018.0,0.006820730562600078,-0.018360999366176092
201495,2010.0,0.06371382139433546,0.13719367693964446
201495,2011.0,-0.03626989474859897,-0.10676766889829509
201495,2012.0,-0.016184866313127967,0.12269606399508759
201495,2013.0,0.07522844329563269,0.11961212309534647
201495,2014.0,-0.017246479024417644,-0.13537059121436187
201496,2016.0,0.004180801173786108,0.11296025366201895
201496,2017.0,-0.06211424837521749,0.1187251500148988
201496,2018.0,-0.1304861659834867,0.13799631450095573
201496,2007.0,0.06541068664317917,-0.07422803514774237
201496,2008.0,-0.11709893151924604,0.36342713495107065
201496,2009.0,-0.1054503547791755,0.17607494672004131
201496,2010.0,-0.09003238851449745,0.031266529221007394
201496,2011.0,-0.12101430186991129,0.17896171258587382
201496,2012.0,-0.07472306452512646,0.001994888314238089
201496,2013.0,-0.07043235175432243,0.05229339628196874
201496,2014.0,-0.04816840209460092,0.19739986554172018
201497,2008.0,-0.06608296176374828,0.012606943302491395
201497,2010.0,-0.07094098144072043,0.1991097375848916
201498,2007.0,-0.020376487764757117,0.1393673411517776
201498,2008.0,0.052066829830953724,0.1861454490084039
201499,2017.0,-0.033745061889122796,0.10070495109117532
201499,2018.0,-0.008620754468794628,0.06273012703996561
201499,2009.0,-0.005257118426754663,0.07058019758693224
201499,2010.0,-0.050417286674595135,0.08520304126289473
201499,2011.0,-0.0697751891450222,0.11626675931595251
201499,2012.0,0.023065584694398965,-0.019793804451784358
201499,2013.0,-0.0861866258285645,-0.09173127612243503
201499,2014.0,-0.01768449530000621,0.0366672255760789
201501,2008.0,0.04901571689303789,0.12023091952677399
201501,2009.0,0.019536167868153237,0.1487232229456813
201501,2010.0,0.07684343798021319,0.0017185052736155282
201501,2012.0,0.01554747186704531,-0.21210766744330045
201503,2011.0,0.04178917475163758,0.2033676309146164
201503,2012.0,0.08112429692597972,0.008097855804052492
201503,2013.0,0.09117413918007841,-0.11044117402966727
201504,2018.0,-0.1490952096868868,0.05622043502157498
201504,2019.0,-0.05875927712972844,0.21125919573028995
201504,2010.0,-0.06421479925000992,0.22977433340607503
201504,2011.0,-0.10738316985259876,0.23877778290049873
201504,2012.0,-0.08604954667827128,0.10056917862640599
201505,2016.0,0.7683754278703893,0.035814089646108695
201505,2012.0,-0.013024807387426406,0.022631257857929035
201505,2013.0,-0.07807767538991445,0.05987662011271748
201505,2014.0,0.1857804212388629,0.11752351453217331
201506,2017.0,-0.026316307968451733,0.007244937593029278
201506,2018.0,0.1490444414415052,-0.13605611324437708
201506,2008.0,0.07793906139074334,0.2285211523815983
201506,2009.0,0.08000744694530998,0.15428363090780164
201506,2010.0,-0.0035654604811573495,0.151781348761043
201506,2012.0,-0.07340241878451645,-0.053795754150189855
201506,2013.0,-0.014382590635000237,0.007959078687696668
201506,2014.0,-7.49452691766574e-05,-0.07208516496158475
201508,2014.0,-0.04421910550297974,-0.1902351480817736
201512,2016.0,0.1728005499210373,0.10618412603898672
201512,2018.0,-0.01379809541625335,-1.2609262686525895
201512,2008.0,0.13319556000430477,0.0680013891556736
201512,2011.0,0.0275001775065031,0.1624931671619255
201512,2013.0,-0.05801687861116593,0.08715952468008434
201512,2014.0,-0.17806765366315558,-0.03138176376370717
201513,2008.0,-0.049488387746129445,0.18637960559707514
201513,2009.0,-0.05318442056027892,0.13427967822841666
201513,2012.0,-0.011668909423642012,-0.0930249636539979
201513,2013.0,-0.09458758421049396,0.16566169428042063
201514,2017.0,-0.07596216475299314,0.25570835888055904
201514,2018.0,-0.0657882020776869,-0.07150486405719207
201514,2008.0,0.04053058686261234,-0.0013026908442264618
201514,2010.0,0.08280098440940566,-0.0206508429986463
201514,2012.0,0.027370871783602937,0.10896164998091479
201514,2013.0,-0.012241156874525327,0.12988039309059327
201515,2009.0,-0.08785881337393871,-0.10486768685544921
201515,2010.0,-0.06220151164031315,0.1947149717494407
201516,2016.0,0.05719502156483184,0.6243964243026371
201516,2018.0,0.03421194223542985,0.13472610607642724
201517,2018.0,-0.06509778355014187,0.1102094980097657
201517,2019.0,0.049977151390151284,-0.13675577481101187
201517,2009.0,-0.004599042235572691,0.11168963667226085
201517,2013.0,-0.00419292018201531,0.11210556862952736
201517,2014.0,-0.029565231530142844,-0.09462133863675778
201518,2017.0,0.022008945699986567,-0.03168713391535584
201518,2018.0,-0.03359934781695803,0.20418393628298687
201518,2019.0,-0.04898665163240467,-0.07879173076124595
201518,2009.0,-0.04238053083773152,0.02251427316853342
201518,2010.0,-0.04852187604169505,0.07052431124786795
201518,2011.0,0.02357758076938765,-0.13123558158472595
201518,2012.0,-0.007987524795221853,0.17647037636650267
201520,2016.0,-0.48518933342505327,0.17254059484782808
201520,2018.0,-0.09853606126734668,0.07830917050845689
201520,2009.0,-0.13065377664016514,0.02585780737268064
201520,2012.0,-0.2099707332204313,0.14646477314059564
201520,2013.0,-0.18091716148397968,-0.015813106860469623
201520,2014.0,-0.23886970013232064,0.13551319331786543
201521,2016.0,-0.110593354042786,-0.02656072507916079
201521,2017.0,-0.049246954142250624,0.14197441351422588
201521,2018.0,0.00469183570008538,0.003371626196393194
201521,2009.0,0.020733907187266986,-0.0024363734332416382
201521,2012.0,0.013538384694447599,-0.017850672328468438
201521,2013.0,-0.008016574391344318,-0.0550217880760564
201521,2014.0,-0.031893391911514586,0.07388764258047137
201523,2014.0,0.01628990926853639,0.11945838233260869
201524,2009.0,0.028072982338964908,-0.06817646316826552
201524,2012.0,0.0033305156542561823,-0.019353728520577065
201527,2018.0,0.024486068705154556,-0.09684840284964938
201527,2019.0,-0.017388450857456862,-0.027296479138683147
201527,2010.0,0.09838554002219832,0.018081278340204995
201529,2019.0,0.03744536834973214,-0.12983131026645986
201531,2016.0,0.029014163373755574,-0.016737075677081416
201531,2018.0,0.12907224973861925,0.061246277418538234
201531,2010.0,-0.10212475038761834,-0.07291416075420383
201533,2016.0,0.025551879252306745,0.368413703713256
201533,2017.0,-0.04882048195174756,-0.6492582621599069
201533,2018.0,-0.08244687441036426,0.07206426245792547
201533,2019.0,-0.004814335185077536,0.2888531594707447
201534,2019.0,0.12730571161611864,0.2213624649452252
201535,2017.0,-0.09885758161231262,0.09735836515775209
201535,2014.0,-0.10332996590959906,0.22032743222347811
201539,2017.0,-0.04699443088858466,0.11227399362462444
201539,2019.0,-0.009081235174084011,0.09297780057222292
201539,2012.0,0.034187441157264804,0.02686259983712153
201539,2014.0,-0.013241042356912074,-0.07173267704341146
201540,2017.0,-0.10195972778440654,0.08421222803011133
201540,2018.0,-0.01160191644496235,-0.091813104990941
201540,2019.0,-0.07010072574576055,-0.11544147912178684
201540,2013.0,-0.028820899906390883,0.1078399860671713
201540,2014.0,0.032931613243145065,-0.09942798798529555
201541,2011.0,0.048102354416312165,0.041810008310099026
201541,2012.0,0.06006453044515528,-0.024252949508816
201545,2018.0,-0.2650233913725451,-0.1084147244965455
201548,2018.0,-0.055895665659867054,0.00251192653839806
201548,2014.0,-0.03165020400163311,-0.04976468010279026
201549,2018.0,-0.10453140602393902,0.1319424770651177
201549,2019.0,-0.027697232192332763,-1.0138324749323901
201549,2012.0,0.016505890425346455,0.1752365159328395
201554,2019.0,-0.10335221682747231,0.3633948040074697
201555,2018.0,-0.020344499797419383,-0.017224725682136774
201555,2019.0,-0.019982241187907344,0.2100691739186682
201555,2010.0,-0.07317222684514602,0.19032805885667176
201555,2011.0,-0.029962713839955316,0.09325517146795809
201555,2012.0,0.04814978870495436,-0.08102366611665948
201555,2014.0,0.008246425616163445,-0.07161904742824163
201556,2011.0,-0.005009405887494284,0.37397046181610405
201556,2012.0,-0.07674940763360968,-0.01652305435631614
201565,2014.0,0.14854015149773842,0.09483602123661541
201567,2010.0,-0.006798321468159451,6.603908370498429e-05
201567,2011.0,0.09710398550308959,0.01827489400626162
201568,2019.0,0.22791671501008182,-0.12399110158656895
201578,2010.0,0.0042040440870181675,0.017467766414199268
201585,2017.0,0.17874237542953228,-0.06296213787120553
201585,2018.0,-0.05541873732656882,0.15331524979659464
201586,2018.0,-0.026536395675901756,0.13142833911870042
201586,2019.0,0.03590201108148363,0.060831492541890256
201586,2013.0,0.02564240463982187,0.0989135642355958
201587,2012.0,0.05422547812827607,0.1400693576919239
201587,2013.0,0.03441056992561024,-0.07696541913124355
201588,2012.0,0.03588320492595683,0.11026074198430869
201593,2017.0,-0.041165411382388356,0.03413649100971901
201593,2018.0,0.015077749892803586,0.16426325291379662
201593,2013.0,0.049605240281817925,0.1350122920495606
201594,2016.0,-0.13225266140800054,0.10098494628349845
201594,2017.0,-0.07911218329476111,-0.416460129103581
201594,2018.0,0.1787255678954618,0.2038761380079472
201594,2019.0,-0.05948612441392274,0.055455225977941475
201594,2010.0,-0.027130937626497667,-0.021919590443960205
201594,2011.0,0.021395541631365683,-0.049832192128019454
201594,2014.0,-0.09223112071545468,0.16690796953230563
201595,2016.0,-0.14665386083831028,-0.1874643403651907
201596,2016.0,-0.05611525602704573,-0.12075077785272956
201596,2017.0,0.06903038795419394,0.0898198391002796
201596,2018.0,-0.021840993756811276,-0.03426663234135963
201596,2019.0,0.10384112727167966,0.044507168270634126
201596,2010.0,-0.039934247790789495,0.10785181731454394
201596,2012.0,0.02392209458186258,-0.07460050015007687
201597,2019.0,0.1176626769048372,-0.02172270132441055
201600,2013.0,-0.02452640250997259,0.13624166392884027
213887,2019.0,-0.03643845237782376,0.10151870377261185
201603,2017.0,-0.023864652147753504,0.052787909401588805
201603,2019.0,0.052644276586828846,0.03256590825713605
201604,2016.0,-0.001506650342383245,0.1948805941128295
201605,2019.0,0.05646783333352573,0.5208597926521361
201605,2011.0,0.0097955209714133,0.0072951938792793075
201606,2019.0,0.04622346395794949,-0.03785971455307413
213889,2019.0,-0.02733564874944993,-0.25819246974649557
201610,2017.0,-0.0379421776197573,0.39544558075838576
201610,2019.0,0.0018346474174887745,0.30468120106866753
201610,2014.0,-0.06485199014747015,-0.012618905245950933
201611,2016.0,0.006039328771155995,0.14903953625138056
201611,2017.0,-0.03764971157970928,0.07895074127870731
201611,2018.0,-0.0075831823913313666,0.0460956215295981
201613,2017.0,0.051177720264271635,0.009951089208601022
201613,2019.0,0.04264498617883396,-0.1571525953360307
201614,2016.0,0.015753954423453433,0.10721803576382481
201614,2017.0,-0.12021556672977782,0.15132896694669162
201614,2018.0,-0.0635845886643194,0.03065179476525617
201614,2019.0,-0.012321775401763796,0.04398876708135319
201614,2013.0,0.019005588829564053,0.024643345666803707
201614,2014.0,-0.01733941891069559,-0.1351758193665751
201615,2016.0,0.10992185334081955,0.25859654722450176
201615,2017.0,0.2702137768796517,-0.02976407110265786
201615,2018.0,0.08618869497529477,0.09690780760174807
201616,2017.0,-0.005539404814893973,-0.01272656878415803
201616,2019.0,0.03557306397194699,0.05413854473695979
201616,2014.0,0.0759629942185705,0.025878712767248388
201619,2016.0,-0.05916491445995542,0.28581488528751864
201619,2018.0,0.012177932864536927,-0.39288490463703485
201619,2013.0,-0.0870587361677409,0.4517950953456924
201619,2014.0,-0.09366751937216733,0.12344489485832555
201620,2016.0,-0.11121039240039517,0.05410831806058284
201620,2017.0,-0.03725893562737684,-0.0946105068981374
201620,2018.0,-0.02484074063662059,0.025790238400535768
201620,2019.0,-0.04740573906781045,0.03817266220798035
201621,2018.0,0.10565241742812873,-0.05107493948580291
201621,2012.0,-0.14587500828457023,0.05844935647163401
201621,2013.0,-0.06758975571943086,-0.007446904853906016
201640,2013.0,-0.08587417100990412,-0.025489660110777673
201662,2016.0,-0.07510370962962781,0.3889017316691993
201662,2018.0,-0.095428172264084,0.10874344915331682
201662,2019.0,-0.12928923142598378,0.3318543347978504
201662,2014.0,-0.10930589818361933,0.04874669128778113
201664,2019.0,0.01534490334225258,0.12732971921584518
213949,2019.0,-0.035295000237764954,-0.30772979152184565
201666,2019.0,0.09260275815439634,0.3328794882409063
201674,2019.0,0.19024469009598277,-0.29592008543969767
201682,2019.0,0.20744869136593613,0.18266694549247933
201693,2016.0,-0.08030559018940296,0.13447866059691627
201693,2017.0,-0.08881521554816924,-0.04208260967656192
201693,2019.0,-0.001089542398766928,0.1927288033967579
201693,2012.0,-0.0658614133813264,0.1839069030061217
201696,2019.0,0.0011665688179827369,0.09650771276731412
201697,2017.0,0.6512008437251601,0.15261481333964358
201709,2018.0,-0.010621979099100419,-0.024404677833621886
214082,2017.0,-0.02027079374024053,-0.07547016363667577
214082,2018.0,-0.040504391765048046,0.07746192695518606
205892,2019.0,0.10608001304607857,0.1922636590381583
205925,2018.0,0.025500180286424316,-0.5234759063842398
214149,2018.0,-0.05668141438510585,0.0023748921846000193
214149,2019.0,-0.050658489901890175,0.1062345608118693
206049,2019.0,-0.019330327713770218,0.0036314639031392454
214263,2017.0,0.10665954626112191,0.06999261584805022
206102,2019.0,0.013060919362656145,0.2458561592512152
206146,2019.0,-0.19718049924076567,-0.03632560864364204
210271,2019.0,0.5355755969504636,0.11758832945374911
206219,2017.0,0.12005420095193399,-0.5450147105718236
206252,2019.0,-0.21983919680818303,0.0062895525384671774
206255,2019.0,-0.06398284617236943,0.21003156278365714
214452,2019.0,0.022866515666511513,-0.016254350695469218
214453,2019.0,0.09618322178856825,0.06025464860577422
206289,2018.0,-0.021860661818681872,-0.03793835715129747
206289,2019.0,-0.030794261230197947,0.033789150312997035
206329,2019.0,-0.3314444460340711,-0.10708564296497355
206344,2019.0,-0.14129268385697585,0.03734060168802884
206345,2019.0,-0.0031208994202253926,0.05321459625370567
214540,2019.0,0.179007030047722,-0.026804900870779705
206349,2019.0,0.014815809732355453,-0.11745257242134563
214544,2018.0,-0.10332873729534886,0.07198973464803163
206363,2019.0,-0.12543312919692878,-0.10103863563028152
206368,2019.0,-0.09349646663724168,0.13437601341693758
206374,2018.0,-0.09153834745382354,0.011295423040662054
206374,2019.0,0.010906973390898935,0.26462989008000887
206420,2019.0,-0.07131833689462631,0.19302503756236186
214643,2019.0,0.038837101941376906,-0.07774854306101658
202418,2016.0,-0.014950105152462003,-0.8150335988017712
202418,2017.0,0.09204237708978559,-0.06608101683314341
202418,2018.0,0.007926811241741043,-0.06987745543406196
202418,2019.0,-0.013461199697389598,-0.22058737487190136
202421,2018.0,-0.04463210407249778,0.3387088676097047
202421,2019.0,-0.044042193653856136,0.17402275356608368
202424,2019.0,-0.04368705856519727,0.3577636174603239
202427,2016.0,-0.12766382998685655,0.03512095008855308
202427,2017.0,0.008277102185982557,0.05273477976768114
202427,2018.0,-0.08464439295902215,0.030582955321414453
202428,2016.0,-0.14556557339528048,0.18184688994461587
202428,2017.0,-0.126940164565492,0.16692837883529393
202428,2018.0,-0.14439700606537825,0.26978996208098593
202428,2019.0,-0.0009012030522785024,0.2973275215871596
202429,2018.0,-0.08411306957459644,0.11687846402593616
202429,2014.0,-0.08207196113656992,-0.07432881280041109
202434,2016.0,0.003303368467347481,-0.02634876901846685
202434,2017.0,-0.2151997939353253,0.22067640081272213
202434,2018.0,-0.011865349458543673,0.053429372189461505
202440,2013.0,0.1086912544175583,0.15881635104002192
202440,2014.0,0.027994034079636427,-0.10962011361984247
202446,2016.0,-0.08451886400244113,-0.036664215765076655
202446,2018.0,-0.09283221621846835,0.044610048988868806
202446,2019.0,0.0981844538581389,0.19730966002328337
202446,2013.0,-0.06249421580179038,-0.024008314080536698
202446,2014.0,-0.077831365801371,0.015815070202768552
202453,2016.0,0.05553793143736449,0.2267718554878802
202453,2018.0,-0.054377062703064964,0.21939324827720444
202456,2019.0,0.021192091226477916,-0.18015247007522844
202456,2013.0,-0.04189036608939422,-0.003174893492786938
202457,2019.0,0.10000255763497075,0.06652355033637282
202458,2017.0,-0.13733124506041605,0.061822744485964976
202458,2018.0,-0.1272998614246064,0.22617579585354367
202458,2019.0,-0.2048299486912253,-0.05169720376330746
202460,2019.0,-0.016081648483149878,-1.0661838953760883
202467,2019.0,0.15255060652661312,-0.14214541732710445
202468,2019.0,-0.019135005404304205,0.1941847780435227
202469,2016.0,-0.16207177352137878,-0.009406894785938757
202469,2017.0,-0.014867801165817,0.18556914901013377
202469,2018.0,0.11104178199717783,0.11340741170223362
202469,2014.0,-0.09834911630931166,-0.09566393120665379
202470,2016.0,0.029885094791633166,0.04225701883640715
202470,2013.0,0.04345078441679992,0.10603890308915424
202480,2019.0,0.22851811631651528,-0.05138472965691697
202484,2016.0,-0.017111613897927435,-0.1051258870793929
202484,2019.0,-0.0847490789665988,0.1980688435999718
202482,2019.0,-0.16760898648764777,-0.1196878212637137
202489,2017.0,-0.05293596933989678,-0.15735153276759964
202490,2019.0,-0.004340099110035502,0.2167613498621298
202491,2019.0,0.0572443729223015,0.3213896234976916
202492,2017.0,-0.10297447315933964,0.2201314430797819
202492,2018.0,-0.13707463410737986,0.05198998257813873
202494,2016.0,-0.08813378044212554,-0.14083608827943359
202494,2018.0,-0.1548557225892943,-0.004244859300316475
202494,2013.0,0.037918559981757596,-0.05130734119951436
202494,2014.0,-0.021204971034527287,0.10016582797016356
202498,2019.0,0.11374553246607927,-0.02629911717287503
202499,2017.0,0.00045647323995417,-0.029436353857097322
202499,2018.0,-0.07238275561541516,0.04330077916057409
202499,2019.0,-0.07223986050132833,0.09363314483376312
202503,2018.0,-0.062492271046701194,0.13925035641181074
202504,2017.0,0.01748918732399283,0.37850424776360975
202505,2018.0,0.26204877252285724,0.06606288044860627
202505,2019.0,-0.05806818362241432,0.028155009482221695
210705,2019.0,0.027589659540268652,-0.2222837483610154
210722,2018.0,-0.015352729548864276,0.05834848582305218
210722,2019.0,-0.07158100463939895,0.25921479662992575
202536,2018.0,-0.024447879380130377,0.04387557210506403
202539,2019.0,0.31438784291926575,-0.22239660662873817
202578,2019.0,0.2532596977456467,0.3178792660982111
202579,2019.0,0.11385180196926914,-0.4197745048008446
202600,2019.0,-0.00215451305532581,-0.08304778618223914
214906,2019.0,-0.8753784981168355,-0.06900496706628649
202653,2019.0,0.19995539334522144,-0.2829343067416344
202659,2019.0,-0.07935583558334898,0.07337774916411785
202663,2016.0,0.024371378022742286,0.16393602560788306
202663,2017.0,-0.023063693595123214,0.04511359367055027
202663,2018.0,0.1696887293036551,0.19853309238200584
202684,2018.0,0.04112999765006921,0.16824140147684363
202684,2019.0,0.07677896945534557,0.2009277376732984
202688,2019.0,-0.0451676136921856,-0.0279256402000872
202693,2019.0,-0.0055004443658615565,0.31958235660443934
214981,2019.0,-0.09542146997297055,0.3974555787145845
202702,2019.0,0.01809074336665814,0.2918576414095847
202705,2017.0,0.040668693664308975,0.09758415125198878
202705,2019.0,-0.25853459657234057,0.18256851526022624
215020,2019.0,-0.08009448008179784,-0.04674733152168955
215042,2019.0,-0.018827562840509127,-0.030564352458546246
211107,2019.0,0.0054390276009093075,0.1079867382975583
215219,2019.0,-0.1773734731843617,0.0903698183779243
211148,2019.0,0.07003963350724418,0.06941812643903604
215290,2019.0,-0.0012678092784273592,0.10621474403924094
211222,2019.0,0.08666033443969692,-0.1377545733649665
215370,2019.0,-0.10643342440619975,0.24830536335435743
211279,2019.0,0.11355250455804615,0.1343494741300657
211316,2019.0,-0.14762218538556443,-0.10826452488461408
211337,2019.0,0.005875289667082034,-0.025346909467495057
211390,2019.0,0.15492826996632297,-0.4664579334377266
211411,2019.0,-0.10255819011415462,0.20106719205143106
203281,2019.0,-0.17573202459637033,0.08464116851354161
203288,2019.0,0.11509861202484177,-0.041358701326344366
211533,2016.0,-0.08805070186335312,-0.1728653894723956
211533,2018.0,-0.035755065073737546,-0.053895239999485034
211533,2019.0,0.025186064392764614,-0.043920076287381024
211539,2019.0,0.009976373174160207,0.018484581338824153
203389,2018.0,0.1372596988734276,-0.022771451912868772
203398,2019.0,-0.018392278720393965,-0.006847752315878267
215713,2019.0,0.026564475116186988,0.004423260626016633
203435,2018.0,-0.03392288840420164,0.1668632786383971
203435,2019.0,0.10189301213608071,0.20091598775144648
211635,2016.0,0.27306232438934974,-0.13338709230955417
211651,2019.0,-0.0809450519906585,0.13582799248973548
203462,2017.0,-0.0948073528322158,0.183315008486732
203462,2019.0,0.010603075350494567,-0.07581098863507141
211684,2019.0,0.042124850682630936,-0.09124183673224644
203500,2017.0,0.006450537946809304,0.23238459908810993
203500,2018.0,0.20563034118945522,0.010470482443211044
203500,2019.0,0.006838419149796743,0.007503101083408625
211701,2017.0,0.009687143884545606,0.11200673156131472
211701,2018.0,-0.014707993774296806,-0.0573478251347843
211701,2019.0,-0.00969320829980719,0.11447526234144731
211702,2017.0,0.16988709252295162,-0.059950267109941474
211702,2019.0,-0.08993283313554822,0.154396451158566
203509,2019.0,0.04149370505000821,0.3963682160142144
203514,2019.0,-0.15623660818048457,0.09666342407116678
215804,2019.0,-0.41160581491891735,0.24178282567173892
215812,2019.0,-0.1724567650314762,-0.06393993383551322
203530,2017.0,-0.03548254724504887,-0.1070508622468428
203530,2018.0,0.008012504004436177,0.0505118225995045
203533,2018.0,-0.08736014205890003,0.10482539288571707
211736,2019.0,0.028179182654336082,0.4187562821423585
203552,2017.0,0.07969724298134176,-0.03901258329338934
203552,2019.0,-0.04040362085247087,-0.1996370634714104
203564,2019.0,0.04732199987208949,0.3977519877018515
203575,2016.0,-0.040435014056990036,0.16935551015963957
203575,2018.0,-0.13218026886336767,0.08879211107170598
203575,2019.0,-0.16275402439826142,0.1939698068040157
211768,2017.0,0.1295685318891867,0.15639547977121285
211768,2018.0,-0.17079518507318361,0.0762429018486897
203576,2019.0,-0.1688907793636764,-0.06759985538262112
211843,2019.0,-0.052946880501378586,0.17558852120952784
211846,2019.0,0.10112589908493341,0.165115180794648
211878,2017.0,0.4155335703158465,-0.009807442164375665
211880,2019.0,0.04561975772361877,0.16259323113983973
215992,2019.0,0.15753149125509774,0.14434641391929953
211901,2019.0,-0.0003906932799063623,-0.015927792051483404
216016,2019.0,0.35936383077339856,-0.05358361084606609
211951,2017.0,-0.03094980455424082,0.016943054511846866
212001,2019.0,-0.036318688664116826,0.17628031511823405
216133,2019.0,-0.3373815539572186,-0.07216436573232154
216146,2019.0,-0.10673599368083306,0.09534602539717052
216153,2018.0,0.23000485139938445,0.01113503122459468
216153,2019.0,-0.004265187693251326,0.15392883130985713
220465,2019.0,-0.5111570259634313,-0.2089743434438744
200001,2006.0,-0.09867384158614029,0.4470858879013482
200003,2003.0,-0.199052898311532,0.28056879321093153
200003,2005.0,-0.0961675512610968,0.19763921479283098
200003,2006.0,-0.19282514489816655,0.2568853597083717
200003,2007.0,-0.16428184509088786,0.18650529713741565
200008,2003.0,-0.07741407412511844,0.26119516457213215
200008,2007.0,0.015826208395360676,0.0746350323288481
200009,2003.0,0.06336126807106061,0.25078271434583566
200009,2007.0,0.17367865812202885,0.028985015294217795
200009,2008.0,0.06753608522591918,0.03925671591840778
200009,2009.0,0.08027204544531315,0.009788529631261755
200011,2006.0,-0.0997499900306539,0.04376156919796561
200011,2008.0,-0.04122225724898018,0.31253404973127497
200014,2007.0,0.12419719186924022,0.12466942708961586
200015,2003.0,-0.08528756994551417,0.037582271990099815
200015,2004.0,-0.012222480495305235,0.0850170958661105
200022,2005.0,-0.06464130593864537,0.17762954856417423
200025,2004.0,0.22462499009194947,0.30424073043698796
200027,2003.0,0.10850074390136397,-0.09796615308198815
200033,2018.0,-0.1292099544844746,0.07549311835756417
200033,2007.0,-0.16620872002665094,-0.07989648573051925
200033,2009.0,-0.14352792442321594,0.2284707361445898
200033,2012.0,-0.35657704549921193,0.3044919580197782
200033,2013.0,-0.34412323165715564,0.2307754968036565
200033,2014.0,-0.28229630640963366,0.2107415682403717
200035,2003.0,-0.04052906341006638,0.1869371298627358
200035,2006.0,0.12668015400225874,0.1777450133385193
200036,2006.0,0.25243437934234136,0.4367887876604909
200040,2003.0,0.08742503776311535,0.2447008916890981
200043,2003.0,-0.006653888523110857,0.5923770512074318
200043,2005.0,0.07643439364636444,0.2605731436905707
200043,2007.0,-0.05485375105650819,-0.06650580002801092
200043,2009.0,-0.002419392518376159,0.1973090854710901
200043,2010.0,0.015916214040673476,-0.018807798151153035
200046,2007.0,-0.07164102688137902,0.18671188861943652
200048,2003.0,-0.17311724998169742,-0.08684350841085295
200055,2005.0,0.039510287131103716,0.27329555839998004
200065,2003.0,-0.14669353756022813,0.45939395166683394
200065,2007.0,-0.13930930484114326,0.009889534491206746
200067,2008.0,0.03390238688404908,0.03772730430451023
200069,2005.0,-0.17344115682889744,0.0039656544106908
200069,2006.0,-0.20356814422755573,0.3028918689772165
200069,2007.0,-0.10744950315554397,0.11636130495013484
200069,2008.0,-0.14634580332462577,0.2118555378069656
200069,2009.0,-0.1300197340760928,-0.05132700790774315
200069,2010.0,-0.11614541863883922,0.08702127092794174
200069,2012.0,-0.12478068572299088,0.032820802551611336
200079,2010.0,-0.12444545338258231,0.27832810804970565
200083,2003.0,0.0823762721274458,0.10613936254418128
200085,2004.0,-0.05440118071377262,0.16837510176466192
200085,2006.0,-0.0032998661810891075,0.24340381844407685
200085,2007.0,-0.012378774057033621,0.030547057870633755
200086,2003.0,0.030216866349192767,0.5329640255902154
200086,2004.0,-0.03150355833643242,0.15358103695196837
200086,2005.0,-0.05306483246435131,0.595490128412247
200090,2003.0,0.07602828930156115,-0.22752152517642182
200096,2003.0,-0.004837039435813254,0.4806630742309471
200096,2005.0,-0.047342722968239714,0.26977906665895446
200096,2006.0,-0.02969056360746246,0.13415390478789266
200104,2007.0,0.4023053717926117,0.023704350747149126
200107,2003.0,-0.18039800429785635,0.0603833639686205
200107,2004.0,-0.14100987078983251,0.0578985370023644
200108,2005.0,-0.022036846515026947,0.10093057376209616
200108,2006.0,-0.05110302559673045,-0.013748355178325046
200108,2007.0,-0.06665440531177101,0.15084221315314303
200108,2008.0,-0.024508371787820817,0.1669220659027134
200108,2009.0,-0.07538548262083354,0.3395647687231323
200108,2010.0,-0.04289012342300616,0.19364437984199456
200109,2003.0,-0.10383565027561156,0.2681506772425821
200109,2004.0,-0.0721192901843686,0.05781232279134532
200109,2005.0,-0.05618396373251995,0.008428877974202196
200109,2006.0,0.014560109978721352,-0.08275951034679147
200109,2008.0,0.08672123576640041,0.13275450476266876
200111,2003.0,0.12537551805252203,0.18440234252676135
200118,2007.0,0.12158587652841732,0.05263627019378551
200118,2008.0,0.0838816057168228,-0.04421325804510397
200122,2003.0,-0.02406858842182026,0.1648422132405659
200128,2003.0,-0.15387681495297956,0.6865455408978609
200128,2005.0,-0.16406869450548453,0.15433532330189378
204309,2019.0,-0.0010836030124625612,0.2067016845724174
204394,2019.0,0.26802416505362675,-0.12034113148608044
204426,2017.0,-0.111386163940946,0.13599044364699206
204426,2018.0,-0.037462341533859383,-0.02635781215994656
204427,2017.0,0.10210594723293182,0.048959138777648466
204427,2018.0,0.08893564182967287,-0.004715556552800912
204427,2019.0,0.0028926081021175866,-0.028333493665980366
204430,2019.0,-0.04662237782638376,-0.23432173557561214
204431,2019.0,0.057194940505313166,-0.26107179680750636
200700,2004.0,-0.03486136455862032,0.08965172303937852
